1 R_cuisine west moderate
1 prezzo R_post_code A_post_code
1 prezzo R_cuisine A_cuisine
1 prezzo R_location west
1 prezzo R_phone A_phone
1 prezzo R_address A_address
1 prezzo R_price moderate
1 prezzo R_rating A_rating
1 prezzo R_place A_place
1 prezzo R_Rating A_Rating
1 canapes R_location moderate
1 yippee_noodle_bar R_rating A_rating
1 yippee_noodle_bar R_address A_address
1 yippee_noodle_bar R_place A_place
1 yippee_noodle_bar R_phone A_phone
1 yippee_noodle_bar R_post_code A_post_code
1 yippee_noodle_bar R_Rating A_Rating
1 yippee_noodle_bar R_cuisine A_cuisine
1 yippee_noodle_bar R_location A_location
1 yippee_noodle_bar R_price moderate
1 the_cow_pizza_kitchen_and_bar R_rating A_rating
1 the_cow_pizza_kitchen_and_bar R_address A_address
1 the_cow_pizza_kitchen_and_bar R_place A_place
1 the_cow_pizza_kitchen_and_bar R_phone A_phone
1 the_cow_pizza_kitchen_and_bar R_post_code A_post_code
1 the_cow_pizza_kitchen_and_bar R_Rating A_Rating
1 the_cow_pizza_kitchen_and_bar R_cuisine A_cuisine
1 the_cow_pizza_kitchen_and_bar R_location A_location
1 the_cow_pizza_kitchen_and_bar R_price A_price
1 the_cow_pizza_kitchen_and_bar R_address the_cow_pizza_kitchen_and_bar_address
1 the_cow_pizza_kitchen_and_bar R_phone the_cow_pizza_kitchen_and_bar_phone
1 tuscan R_location cheap
1 italian R_location cheap
1 pizza_hut_city_centre R_post_code A_post_code
1 pizza_hut_city_centre R_cuisine italian
1 pizza_hut_city_centre R_location A_location
1 pizza_hut_city_centre R_phone A_phone
1 pizza_hut_city_centre R_address A_address
1 pizza_hut_city_centre R_price cheap
1 pizza_hut_city_centre R_rating A_rating
1 european R_location R_price
1 michaelhouse_cafe R_post_code A_post_code
1 michaelhouse_cafe R_cuisine european
1 michaelhouse_cafe R_location A_location
1 michaelhouse_cafe R_phone A_phone
1 michaelhouse_cafe R_address A_address
1 michaelhouse_cafe R_price A_price
1 michaelhouse_cafe R_rating A_rating
1 R_cuisine north R_price
1 the_nirala R_post_code A_post_code
1 the_nirala R_cuisine A_cuisine
1 the_nirala R_location north
1 the_nirala R_phone A_phone
1 the_nirala R_address A_address
1 the_nirala R_price A_price
1 the_nirala R_rating A_rating
1 saigon_city R_rating A_rating
1 saigon_city R_address A_address
1 saigon_city R_place A_place
1 saigon_city R_phone A_phone
1 saigon_city R_post_code A_post_code
1 saigon_city R_Rating A_Rating
1 saigon_city R_cuisine A_cuisine
1 saigon_city R_location north
1 saigon_city R_price A_price
1 saigon_city R_address saigon_city_address
1 saigon_city R_phone saigon_city_phone
1 R_cuisine R_location cheap
1 the_missing_sock R_post_code A_post_code
1 the_missing_sock R_cuisine A_cuisine
1 the_missing_sock R_location A_location
1 the_missing_sock R_phone A_phone
1 the_missing_sock R_address A_address
1 the_missing_sock R_price cheap
1 the_missing_sock R_rating A_rating
1 vietnamese north cheap
1 vietnamese west cheap
1 vietnamese east cheap
1 vietnamese south cheap
1 vietnamese west moderate
1 vietnamese north moderate
1 vietnamese east moderate
1 kosher R_location R_price
1 cote R_rating A_rating
1 cote R_address A_address
1 cote R_place A_place
1 cote R_phone A_phone
1 cote R_post_code A_post_code
1 cote R_Rating A_Rating
1 cote R_cuisine A_cuisine
1 cote R_location A_location
1 cote R_price A_price
1 cote R_phone cote_phone
1 R_cuisine R_location moderate
1 riverside_brasserie R_post_code A_post_code
1 riverside_brasserie R_cuisine A_cuisine
1 riverside_brasserie R_location A_location
1 riverside_brasserie R_phone A_phone
1 riverside_brasserie R_address A_address
1 riverside_brasserie R_price moderate
1 riverside_brasserie R_rating A_rating
1 riverside_brasserie R_place A_place
1 riverside_brasserie R_Rating A_Rating
1 riverside_brasserie R_address riverside_brasserie_address
1 riverside_brasserie R_phone riverside_brasserie_phone
1 R_cuisine north cheap
1 da_vinci_pizzeria R_post_code A_post_code
1 da_vinci_pizzeria R_cuisine A_cuisine
1 da_vinci_pizzeria R_location north
1 da_vinci_pizzeria R_phone A_phone
1 da_vinci_pizzeria R_address A_address
1 da_vinci_pizzeria R_price cheap
1 da_vinci_pizzeria R_rating A_rating
1 royal_spice R_post_code A_post_code
1 royal_spice R_cuisine A_cuisine
1 royal_spice R_location north
1 royal_spice R_phone A_phone
1 royal_spice R_address A_address
1 royal_spice R_price cheap
1 royal_spice R_rating A_rating
1 royal_spice R_address da_vinci_pizzeria_address
1 R_cuisine south cheap
1 the_lucky_star R_post_code A_post_code
1 the_lucky_star R_cuisine A_cuisine
1 the_lucky_star R_location south
1 the_lucky_star R_phone A_phone
1 the_lucky_star R_address A_address
1 the_lucky_star R_price cheap
1 the_lucky_star R_rating A_rating
1 nandos R_rating A_rating
1 nandos R_address A_address
1 nandos R_place A_place
1 nandos R_phone A_phone
1 nandos R_post_code A_post_code
1 nandos R_Rating A_Rating
1 nandos R_cuisine A_cuisine
1 nandos R_location south
1 nandos R_price cheap
1 nandos R_address nandos_address
1 british R_location moderate
1 saint_johns_chop_house R_post_code A_post_code
1 saint_johns_chop_house R_cuisine british
1 saint_johns_chop_house R_location A_location
1 saint_johns_chop_house R_phone A_phone
1 saint_johns_chop_house R_address A_address
1 saint_johns_chop_house R_price moderate
1 saint_johns_chop_house R_rating A_rating
1 cotto R_post_code A_post_code
1 cotto R_cuisine british
1 cotto R_location A_location
1 cotto R_phone A_phone
1 cotto R_address A_address
1 cotto R_price moderate
1 cotto R_rating A_rating
1 restaurant_one_seven R_post_code A_post_code
1 restaurant_one_seven R_cuisine british
1 restaurant_one_seven R_location A_location
1 restaurant_one_seven R_phone A_phone
1 restaurant_one_seven R_address A_address
1 restaurant_one_seven R_price moderate
1 restaurant_one_seven R_rating A_rating
1 the_copper_kettle R_post_code A_post_code
1 the_copper_kettle R_cuisine british
1 the_copper_kettle R_location A_location
1 the_copper_kettle R_phone A_phone
1 the_copper_kettle R_address A_address
1 the_copper_kettle R_price moderate
1 the_copper_kettle R_rating A_rating
1 the_copper_kettle R_phone saint_johns_chop_house_phone
1 international R_location R_price
1 the_missing_sock R_cuisine international
1 the_missing_sock R_price A_price
1 the_varsity_restaurant R_post_code A_post_code
1 the_varsity_restaurant R_cuisine international
1 the_varsity_restaurant R_location A_location
1 the_varsity_restaurant R_phone A_phone
1 the_varsity_restaurant R_address A_address
1 the_varsity_restaurant R_price A_price
1 the_varsity_restaurant R_rating A_rating
1 bloomsbury_restaurant R_post_code A_post_code
1 bloomsbury_restaurant R_cuisine international
1 bloomsbury_restaurant R_location A_location
1 bloomsbury_restaurant R_phone A_phone
1 bloomsbury_restaurant R_address A_address
1 bloomsbury_restaurant R_price A_price
1 bloomsbury_restaurant R_rating A_rating
1 bloomsbury_restaurant R_phone the_missing_sock_phone
1 bloomsbury_restaurant R_post_code the_missing_sock_post_code
1 indian R_location cheap
1 the_gandhi R_post_code A_post_code
1 the_gandhi R_cuisine indian
1 the_gandhi R_location A_location
1 the_gandhi R_phone A_phone
1 the_gandhi R_address A_address
1 the_gandhi R_price cheap
1 the_gandhi R_rating A_rating
1 mahal_of_cambridge R_post_code A_post_code
1 mahal_of_cambridge R_cuisine indian
1 mahal_of_cambridge R_location A_location
1 mahal_of_cambridge R_phone A_phone
1 mahal_of_cambridge R_address A_address
1 mahal_of_cambridge R_price cheap
1 mahal_of_cambridge R_rating A_rating
1 kohinoor R_post_code A_post_code
1 kohinoor R_cuisine indian
1 kohinoor R_location A_location
1 kohinoor R_phone A_phone
1 kohinoor R_address A_address
1 kohinoor R_price cheap
1 kohinoor R_rating A_rating
1 royal_spice R_cuisine indian
1 royal_spice R_location A_location
1 royal_spice R_address the_gandhi_address
1 royal_spice R_phone the_gandhi_phone
1 kohinoor R_place A_place
1 kohinoor R_Rating A_Rating
1 kohinoor R_cuisine A_cuisine
1 korean R_location R_price
1 little_seoul R_post_code A_post_code
1 little_seoul R_cuisine korean
1 little_seoul R_location A_location
1 little_seoul R_phone A_phone
1 little_seoul R_address A_address
1 little_seoul R_price A_price
1 little_seoul R_rating A_rating
1 little_seoul R_address little_seoul_address
1 little_seoul R_phone little_seoul_phone
1 royal_spice R_place A_place
1 royal_spice R_Rating A_Rating
1 italian south R_price
1 pizza_hut_cherry_hinton R_post_code A_post_code
1 pizza_hut_cherry_hinton R_cuisine italian
1 pizza_hut_cherry_hinton R_location south
1 pizza_hut_cherry_hinton R_phone A_phone
1 pizza_hut_cherry_hinton R_address A_address
1 pizza_hut_cherry_hinton R_price A_price
1 pizza_hut_cherry_hinton R_rating A_rating
1 austrian R_location moderate
1 chinese R_location moderate
1 golden_wok R_post_code A_post_code
1 golden_wok R_cuisine chinese
1 golden_wok R_location A_location
1 golden_wok R_phone A_phone
1 golden_wok R_address A_address
1 golden_wok R_price moderate
1 golden_wok R_rating A_rating
1 charlie_chan R_post_code A_post_code
1 charlie_chan R_cuisine A_cuisine
1 charlie_chan R_location A_location
1 charlie_chan R_phone A_phone
1 charlie_chan R_address A_address
1 charlie_chan R_price cheap
1 charlie_chan R_rating A_rating
1 thai R_location R_price
1 bangkok_city R_post_code A_post_code
1 bangkok_city R_cuisine thai
1 bangkok_city R_location A_location
1 bangkok_city R_phone A_phone
1 bangkok_city R_address A_address
1 bangkok_city R_price A_price
1 bangkok_city R_rating A_rating
1 italian east R_price
1 pizza_hut_fen_ditton R_post_code A_post_code
1 pizza_hut_fen_ditton R_cuisine italian
1 pizza_hut_fen_ditton R_location east
1 pizza_hut_fen_ditton R_phone A_phone
1 pizza_hut_fen_ditton R_address A_address
1 pizza_hut_fen_ditton R_price A_price
1 pizza_hut_fen_ditton R_rating A_rating
1 gastropub north R_price
1 chinese north R_price
1 hakka R_post_code A_post_code
1 hakka R_cuisine chinese
1 hakka R_location north
1 hakka R_phone A_phone
1 hakka R_address A_address
1 hakka R_price A_price
1 hakka R_rating A_rating
1 R_cuisine R_location R_price
1 the_missing_sock R_place A_place
1 the_missing_sock R_Rating A_Rating
1 galleria R_post_code A_post_code
1 galleria R_cuisine european
1 galleria R_location A_location
1 galleria R_phone A_phone
1 galleria R_address A_address
1 galleria R_price A_price
1 galleria R_rating A_rating
1 R_cuisine west cheap
1 thanh_binh R_post_code A_post_code
1 thanh_binh R_cuisine A_cuisine
1 thanh_binh R_location west
1 thanh_binh R_phone A_phone
1 thanh_binh R_address A_address
1 thanh_binh R_price cheap
1 thanh_binh R_rating A_rating
1 la_margherita R_post_code A_post_code
1 la_margherita R_cuisine A_cuisine
1 la_margherita R_location west
1 la_margherita R_phone A_phone
1 la_margherita R_address A_address
1 la_margherita R_price cheap
1 la_margherita R_rating A_rating
1 thanh_binh R_phone la_margherita_phone
1 vietnamese R_location R_price
1 portuguese R_location expensive
1 italian R_location expensive
1 stazione_restaurant_and_coffee_bar R_post_code A_post_code
1 stazione_restaurant_and_coffee_bar R_cuisine italian
1 stazione_restaurant_and_coffee_bar R_location A_location
1 stazione_restaurant_and_coffee_bar R_phone A_phone
1 stazione_restaurant_and_coffee_bar R_address A_address
1 stazione_restaurant_and_coffee_bar R_price expensive
1 stazione_restaurant_and_coffee_bar R_rating A_rating
1 stazione_restaurant_and_coffee_bar R_place A_place
1 stazione_restaurant_and_coffee_bar R_Rating A_Rating
1 stazione_restaurant_and_coffee_bar R_cuisine A_cuisine
1 stazione_restaurant_and_coffee_bar R_price A_price
1 basque R_location expensive
1 korean R_location expensive
1 little_seoul R_price expensive
1 danish R_location R_price
1 the_lucky_star R_location A_location
1 french R_location moderate
1 french R_location expensive
1 restaurant_two_two R_post_code A_post_code
1 restaurant_two_two R_cuisine french
1 restaurant_two_two R_location A_location
1 restaurant_two_two R_phone A_phone
1 restaurant_two_two R_address A_address
1 restaurant_two_two R_price expensive
1 restaurant_two_two R_rating A_rating
1 R_cuisine west R_price
1 golden_house R_rating A_rating
1 golden_house R_address A_address
1 golden_house R_place A_place
1 golden_house R_phone A_phone
1 golden_house R_post_code A_post_code
1 golden_house R_Rating A_Rating
1 golden_house R_cuisine A_cuisine
1 golden_house R_location A_location
1 golden_house R_price A_price
1 thanh_binh R_place A_place
1 thanh_binh R_Rating A_Rating
1 thanh_binh R_phone thanh_binh_phone
1 french R_location R_price
1 cote R_cuisine french
1 restaurant_two_two R_price A_price
1 restaurant_two_two R_address cote_address
1 kosher north R_price
1 french north R_price
1 restaurant_two_two R_location north
1 restaurant_two_two R_phone restaurant_two_two_phone
1 la_margherita R_place A_place
1 la_margherita R_Rating A_Rating
1 la_margherita R_address la_margherita_address
1 international R_location moderate
1 the_varsity_restaurant R_price moderate
1 the_lucky_star R_address the_lucky_star_address
1 the_lucky_star R_phone the_lucky_star_phone
1 R_cuisine south R_price
1 peking_restaurant R_rating A_rating
1 peking_restaurant R_address A_address
1 peking_restaurant R_place A_place
1 peking_restaurant R_phone A_phone
1 peking_restaurant R_post_code A_post_code
1 peking_restaurant R_Rating A_Rating
1 peking_restaurant R_cuisine A_cuisine
1 peking_restaurant R_location south
1 peking_restaurant R_price A_price
1 nandos R_price A_price
1 nandos R_phone nandos_phone
1 restaurant_two_two R_phone cote_phone
1 R_cuisine east cheap
1 the_missing_sock R_location east
1 the_missing_sock R_address the_missing_sock_address
1 russian R_location R_price
1 portuguese R_location R_price
1 nandos R_cuisine portuguese
1 nandos R_location A_location
1 asian_oriental R_location R_price
1 yippee_noodle_bar R_cuisine asian_oriental
1 yippee_noodle_bar R_price A_price
1 international R_location cheap
1 the_missing_sock R_phone the_missing_sock_phone
1 the_missing_sock R_post_code the_missing_sock_post_code
1 cantonese R_location moderate
1 jinling_noodle_bar R_post_code A_post_code
1 jinling_noodle_bar R_cuisine chinese
1 jinling_noodle_bar R_location A_location
1 jinling_noodle_bar R_phone A_phone
1 jinling_noodle_bar R_address A_address
1 jinling_noodle_bar R_price moderate
1 jinling_noodle_bar R_rating A_rating
1 saint_johns_chop_house R_cuisine A_cuisine
1 saint_johns_chop_house R_location west
1 prezzo R_phone saint_johns_chop_house_phone
1 the_lucky_star R_place A_place
1 the_lucky_star R_Rating A_Rating
1 spanish R_location R_price
1 la_tasca R_post_code A_post_code
1 la_tasca R_cuisine spanish
1 la_tasca R_location A_location
1 la_tasca R_phone A_phone
1 la_tasca R_address A_address
1 la_tasca R_price A_price
1 la_tasca R_rating A_rating
1 la_tasca R_address la_raza_address
1 la_tasca R_phone la_raza_phone
1 african R_location R_price
1 asian_oriental north R_price
1 saigon_city R_cuisine asian_oriental
1 japanese R_location cheap
1 da_vinci_pizzeria R_place A_place
1 da_vinci_pizzeria R_Rating A_Rating
1 da_vinci_pizzeria R_location A_location
1 da_vinci_pizzeria R_phone da_vinci_pizzeria_phone
1 da_vinci_pizzeria R_address da_vinci_pizzeria_address
1 german north R_price
1 royal_spice R_phone da_vinci_pizzeria_phone
1 R_cuisine south moderate
1 restaurant_alimentum R_post_code A_post_code
1 restaurant_alimentum R_cuisine A_cuisine
1 restaurant_alimentum R_location south
1 restaurant_alimentum R_phone A_phone
1 restaurant_alimentum R_address A_address
1 restaurant_alimentum R_price moderate
1 restaurant_alimentum R_rating A_rating
1 pizza_hut_cherry_hinton R_place A_place
1 pizza_hut_cherry_hinton R_Rating A_Rating
1 pizza_hut_cherry_hinton R_cuisine A_cuisine
1 pizza_hut_cherry_hinton R_price moderate
1 pizza_hut_cherry_hinton R_post_code pizza_hut_cherry_hinton_post_code
1 pizza_hut_cherry_hinton R_address pizza_hut_cherry_hinton_address
1 R_cuisine east moderate
1 curry_prince R_post_code A_post_code
1 curry_prince R_cuisine A_cuisine
1 curry_prince R_location east
1 curry_prince R_phone A_phone
1 curry_prince R_address A_address
1 curry_prince R_price moderate
1 curry_prince R_rating A_rating
1 curry_prince R_place A_place
1 curry_prince R_Rating A_Rating
1 R_cuisine south expensive
1 frankie_and_bennys R_post_code A_post_code
1 frankie_and_bennys R_cuisine A_cuisine
1 frankie_and_bennys R_location south
1 frankie_and_bennys R_phone A_phone
1 frankie_and_bennys R_address A_address
1 frankie_and_bennys R_price expensive
1 frankie_and_bennys R_rating A_rating
1 chiquito_restaurant_bar R_post_code A_post_code
1 chiquito_restaurant_bar R_cuisine A_cuisine
1 chiquito_restaurant_bar R_location south
1 chiquito_restaurant_bar R_phone A_phone
1 chiquito_restaurant_bar R_address A_address
1 chiquito_restaurant_bar R_price expensive
1 chiquito_restaurant_bar R_rating A_rating
1 taj_tandoori R_post_code A_post_code
1 taj_tandoori R_cuisine A_cuisine
1 taj_tandoori R_location south
1 taj_tandoori R_phone A_phone
1 taj_tandoori R_address A_address
1 taj_tandoori R_price expensive
1 taj_tandoori R_rating A_rating
1 peking_restaurant R_price expensive
1 peking_restaurant R_phone frankie_and_bennys_phone
1 peking_restaurant R_post_code frankie_and_bennys_post_code
1 greek east R_price
1 indian east R_price
1 rajmahal R_post_code A_post_code
1 rajmahal R_cuisine indian
1 rajmahal R_location east
1 rajmahal R_phone A_phone
1 rajmahal R_address A_address
1 rajmahal R_price A_price
1 rajmahal R_rating A_rating
1 rajmahal R_cuisine A_cuisine
1 rajmahal R_price moderate
1 la_margherita R_phone la_margherita_phone
1 saigon_city R_location A_location
1 mediterranean R_location R_price
1 shiraz_restaurant R_post_code A_post_code
1 shiraz_restaurant R_cuisine mediterranean
1 shiraz_restaurant R_location A_location
1 shiraz_restaurant R_phone A_phone
1 shiraz_restaurant R_address A_address
1 shiraz_restaurant R_price A_price
1 shiraz_restaurant R_rating A_rating
1 christmas R_location R_price
1 la_raza R_post_code A_post_code
1 la_raza R_cuisine spanish
1 la_raza R_location A_location
1 la_raza R_phone A_phone
1 la_raza R_address A_address
1 la_raza R_price A_price
1 la_raza R_rating A_rating
1 la_tasca R_place A_place
1 la_tasca R_Rating A_Rating
1 la_tasca R_cuisine A_cuisine
1 da_vinci_pizzeria R_price A_price
1 restaurant_one_seven R_cuisine A_cuisine
1 gastropub R_location moderate
1 the_cow_pizza_kitchen_and_bar R_price moderate
1 australian R_location R_price
1 mediterranean R_location cheap
1 the_gardenia R_post_code A_post_code
1 the_gardenia R_cuisine mediterranean
1 the_gardenia R_location A_location
1 the_gardenia R_phone A_phone
1 the_gardenia R_address A_address
1 the_gardenia R_price cheap
1 the_gardenia R_rating A_rating
1 the_gardenia R_address the_gardenia_address
1 the_gardenia R_phone the_gardenia_phone
1 british R_location R_price
1 saint_johns_chop_house R_price A_price
1 midsummer_house_restaurant R_post_code A_post_code
1 midsummer_house_restaurant R_cuisine british
1 midsummer_house_restaurant R_location A_location
1 midsummer_house_restaurant R_phone A_phone
1 midsummer_house_restaurant R_address A_address
1 midsummer_house_restaurant R_price A_price
1 midsummer_house_restaurant R_rating A_rating
1 the_cambridge_chop_house R_post_code A_post_code
1 the_cambridge_chop_house R_cuisine british
1 the_cambridge_chop_house R_location A_location
1 the_cambridge_chop_house R_phone A_phone
1 the_cambridge_chop_house R_address A_address
1 the_cambridge_chop_house R_price A_price
1 the_cambridge_chop_house R_rating A_rating
1 fitzbillies_restaurant R_post_code A_post_code
1 fitzbillies_restaurant R_cuisine british
1 fitzbillies_restaurant R_location A_location
1 fitzbillies_restaurant R_phone A_phone
1 fitzbillies_restaurant R_address A_address
1 fitzbillies_restaurant R_price A_price
1 fitzbillies_restaurant R_rating A_rating
1 the_copper_kettle R_price A_price
1 grafton_hotel_restaurant R_post_code A_post_code
1 grafton_hotel_restaurant R_cuisine british
1 grafton_hotel_restaurant R_location A_location
1 grafton_hotel_restaurant R_phone A_phone
1 grafton_hotel_restaurant R_address A_address
1 grafton_hotel_restaurant R_price A_price
1 grafton_hotel_restaurant R_rating A_rating
1 graffiti R_post_code A_post_code
1 graffiti R_cuisine british
1 graffiti R_location A_location
1 graffiti R_phone A_phone
1 graffiti R_address A_address
1 graffiti R_price A_price
1 graffiti R_rating A_rating
1 travellers_rest R_post_code A_post_code
1 travellers_rest R_cuisine british
1 travellers_rest R_location A_location
1 travellers_rest R_phone A_phone
1 travellers_rest R_address A_address
1 travellers_rest R_price A_price
1 travellers_rest R_rating A_rating
1 cotto R_price A_price
1 restaurant_one_seven R_price A_price
1 midsummer_house_restaurant R_place A_place
1 midsummer_house_restaurant R_Rating A_Rating
1 midsummer_house_restaurant R_cuisine A_cuisine
1 midsummer_house_restaurant R_address midsummer_house_restaurant_address
1 midsummer_house_restaurant R_phone midsummer_house_restaurant_phone
1 la_margherita R_location A_location
1 R_cuisine R_location expensive
1 italian R_location R_price
1 zizzi_cambridge R_post_code A_post_code
1 zizzi_cambridge R_cuisine italian
1 zizzi_cambridge R_location A_location
1 zizzi_cambridge R_phone A_phone
1 zizzi_cambridge R_address A_address
1 zizzi_cambridge R_price A_price
1 zizzi_cambridge R_rating A_rating
1 zizzi_cambridge R_place A_place
1 zizzi_cambridge R_Rating A_Rating
1 zizzi_cambridge R_cuisine A_cuisine
1 european R_location expensive
1 michaelhouse_cafe R_price expensive
1 thanh_binh R_address thanh_binh_address
1 thanh_binh R_post_code thanh_binh_post_code
1 la_margherita R_cuisine italian
1 welsh east R_price
1 R_cuisine north moderate
1 golden_wok R_cuisine A_cuisine
1 golden_wok R_location north
1 meghna R_post_code A_post_code
1 meghna R_cuisine A_cuisine
1 meghna R_location north
1 meghna R_phone A_phone
1 meghna R_address A_address
1 meghna R_price moderate
1 meghna R_rating A_rating
1 the_nirala R_price moderate
1 golden_wok R_address meghna_address
1 golden_wok R_phone meghna_phone
1 creative R_location expensive
1 caffe_uno R_post_code A_post_code
1 caffe_uno R_cuisine italian
1 caffe_uno R_location A_location
1 caffe_uno R_phone A_phone
1 caffe_uno R_address A_address
1 caffe_uno R_price expensive
1 caffe_uno R_rating A_rating
1 turkish R_location expensive
1 meze_bar_restaurant R_post_code A_post_code
1 meze_bar_restaurant R_cuisine turkish
1 meze_bar_restaurant R_location A_location
1 meze_bar_restaurant R_phone A_phone
1 meze_bar_restaurant R_address A_address
1 meze_bar_restaurant R_price expensive
1 meze_bar_restaurant R_rating A_rating
1 meze_bar_restaurant R_address meze_bar_restaurant_address
1 sala_thong R_post_code A_post_code
1 sala_thong R_cuisine thai
1 sala_thong R_location A_location
1 sala_thong R_phone A_phone
1 sala_thong R_address A_address
1 sala_thong R_price A_price
1 sala_thong R_rating A_rating
1 thai R_location expensive
1 sala_thong R_price expensive
1 bangkok_city R_price expensive
1 bangkok_city R_address sala_thong_address
1 bangkok_city R_phone sala_thong_phone
1 turkish R_location R_price
1 anatolia R_post_code A_post_code
1 anatolia R_cuisine turkish
1 anatolia R_location A_location
1 anatolia R_phone A_phone
1 anatolia R_address A_address
1 anatolia R_price A_price
1 anatolia R_rating A_rating
1 greek R_location R_price
1 royal_spice R_price A_price
1 greek north R_price
1 unusual R_location expensive
1 michaelhouse_cafe R_place A_place
1 michaelhouse_cafe R_Rating A_Rating
1 michaelhouse_cafe R_cuisine A_cuisine
1 polynesian R_location R_price
1 curry_prince R_address curry_prince_address
1 the_good_luck_chinese_food_takeaway R_rating A_rating
1 the_good_luck_chinese_food_takeaway R_address A_address
1 the_good_luck_chinese_food_takeaway R_place A_place
1 the_good_luck_chinese_food_takeaway R_phone A_phone
1 the_good_luck_chinese_food_takeaway R_post_code A_post_code
1 the_good_luck_chinese_food_takeaway R_Rating A_Rating
1 the_good_luck_chinese_food_takeaway R_cuisine A_cuisine
1 the_good_luck_chinese_food_takeaway R_location south
1 the_good_luck_chinese_food_takeaway R_price A_price
1 mexican R_location R_price
1 chiquito_restaurant_bar R_cuisine mexican
1 chiquito_restaurant_bar R_location A_location
1 chiquito_restaurant_bar R_price A_price
1 chiquito_restaurant_bar R_address chiquito_restaurant_bar_address
1 R_cuisine east expensive
1 grafton_hotel_restaurant R_cuisine A_cuisine
1 grafton_hotel_restaurant R_location east
1 grafton_hotel_restaurant R_price expensive
1 sitar_tandoori R_post_code A_post_code
1 sitar_tandoori R_cuisine A_cuisine
1 sitar_tandoori R_location east
1 sitar_tandoori R_phone A_phone
1 sitar_tandoori R_address A_address
1 sitar_tandoori R_price expensive
1 sitar_tandoori R_rating A_rating
1 royal_standard R_post_code A_post_code
1 royal_standard R_cuisine A_cuisine
1 royal_standard R_location east
1 royal_standard R_phone A_phone
1 royal_standard R_address A_address
1 royal_standard R_price expensive
1 royal_standard R_rating A_rating
1 pipasha_restaurant R_post_code A_post_code
1 pipasha_restaurant R_cuisine A_cuisine
1 pipasha_restaurant R_location east
1 pipasha_restaurant R_phone A_phone
1 pipasha_restaurant R_address A_address
1 pipasha_restaurant R_price expensive
1 pipasha_restaurant R_rating A_rating
1 yu_garden R_post_code A_post_code
1 yu_garden R_cuisine A_cuisine
1 yu_garden R_location east
1 yu_garden R_phone A_phone
1 yu_garden R_address A_address
1 yu_garden R_price expensive
1 yu_garden R_rating A_rating
1 grafton_hotel_restaurant R_place A_place
1 grafton_hotel_restaurant R_Rating A_Rating
1 sitar_tandoori R_place A_place
1 sitar_tandoori R_Rating A_Rating
1 sitar_tandoori R_price A_price
1 sitar_tandoori R_phone sitar_tandoori_phone
1 indian north R_price
1 romanian R_location R_price
1 gourmet_burger_kitchen R_rating A_rating
1 gourmet_burger_kitchen R_address A_address
1 gourmet_burger_kitchen R_place A_place
1 gourmet_burger_kitchen R_phone A_phone
1 gourmet_burger_kitchen R_post_code A_post_code
1 gourmet_burger_kitchen R_Rating A_Rating
1 gourmet_burger_kitchen R_cuisine A_cuisine
1 gourmet_burger_kitchen R_location A_location
1 gourmet_burger_kitchen R_price A_price
1 gourmet_burger_kitchen R_phone gourmet_burger_kitchen_phone
1 saigon_city R_price expensive
1 catalan R_location R_price
1 saffron_brasserie R_rating A_rating
1 saffron_brasserie R_address A_address
1 saffron_brasserie R_place A_place
1 saffron_brasserie R_phone A_phone
1 saffron_brasserie R_post_code A_post_code
1 saffron_brasserie R_Rating A_Rating
1 saffron_brasserie R_cuisine A_cuisine
1 saffron_brasserie R_location A_location
1 saffron_brasserie R_price expensive
1 cote R_price expensive
1 cote R_post_code cote_post_code
1 cote R_address cote_address
1 lebanese R_location R_price
1 ali_baba R_post_code A_post_code
1 ali_baba R_cuisine lebanese
1 ali_baba R_location A_location
1 ali_baba R_phone A_phone
1 ali_baba R_address A_address
1 ali_baba R_price A_price
1 ali_baba R_rating A_rating
1 ali_baba R_phone ali_baba_phone
1 ali_baba R_address ali_baba_address
1 venetian R_location R_price
1 yippee_noodle_bar R_post_code yippee_noodle_bar_post_code
1 yippee_noodle_bar R_address yippee_noodle_bar_address
1 chinese east cheap
1 chinese east moderate
1 chinese east expensive
1 german east R_price
1 charlie_chan R_place A_place
1 charlie_chan R_Rating A_Rating
1 charlie_chan R_price A_price
1 charlie_chan R_address charlie_chan_address
1 charlie_chan R_phone charlie_chan_phone
1 charlie_chan R_post_code charlie_chan_post_code
1 thanh_binh R_cuisine vietnamese
1 thanh_binh R_location A_location
1 thanh_binh R_price A_price
1 efes_restaurant R_post_code A_post_code
1 efes_restaurant R_cuisine turkish
1 efes_restaurant R_location A_location
1 efes_restaurant R_phone A_phone
1 efes_restaurant R_address A_address
1 efes_restaurant R_price A_price
1 efes_restaurant R_rating A_rating
1 japanese R_location R_price
1 wagamama R_post_code A_post_code
1 wagamama R_cuisine japanese
1 wagamama R_location A_location
1 wagamama R_phone A_phone
1 wagamama R_address A_address
1 wagamama R_price A_price
1 japanese east R_price
1 wagamama R_rating A_rating
1 pipasha_restaurant R_cuisine indian
1 pipasha_restaurant R_price A_price
1 german R_location cheap
1 cocum R_rating A_rating
1 cocum R_address A_address
1 cocum R_place A_place
1 cocum R_phone A_phone
1 cocum R_post_code A_post_code
1 cocum R_Rating A_Rating
1 cocum R_cuisine A_cuisine
1 cocum R_location A_location
1 cocum R_price A_price
1 cocum R_phone cocum_phone
1 cocum R_address cocum_address
1 persian R_location expensive
1 british R_location expensive
1 restaurant_one_seven R_place A_place
1 restaurant_one_seven R_Rating A_Rating
1 la_mimosa R_rating A_rating
1 la_mimosa R_address A_address
1 la_mimosa R_place A_place
1 la_mimosa R_phone A_phone
1 la_mimosa R_post_code A_post_code
1 la_mimosa R_Rating A_Rating
1 la_mimosa R_cuisine A_cuisine
1 la_mimosa R_location A_location
1 la_mimosa R_price expensive
1 la_mimosa R_address la_mimosa_address
1 la_mimosa R_phone la_mimosa_phone
1 R_cuisine east R_price
1 european west R_price
1 cambridge_lodge_restaurant R_post_code A_post_code
1 cambridge_lodge_restaurant R_cuisine european
1 cambridge_lodge_restaurant R_location west
1 cambridge_lodge_restaurant R_phone A_phone
1 cambridge_lodge_restaurant R_address A_address
1 cambridge_lodge_restaurant R_price A_price
1 cambridge_lodge_restaurant R_rating A_rating
1 cambridge_lodge_restaurant R_phone cambridge_lodge_restaurant_phone
1 world R_location moderate
1 jinling_noodle_bar R_place A_place
1 jinling_noodle_bar R_Rating A_Rating
1 jinling_noodle_bar R_cuisine A_cuisine
1 jinling_noodle_bar R_price A_price
1 saint_johns_chop_house R_place A_place
1 saint_johns_chop_house R_Rating A_Rating
1 saint_johns_chop_house R_address saint_johns_chop_house_address
1 saint_johns_chop_house R_phone saint_johns_chop_house_phone
1 royal_spice R_address royal_spice_address
1 jamaican west R_price
1 italian west R_price
1 rice_house R_post_code A_post_code
1 rice_house R_cuisine A_cuisine
1 rice_house R_location A_location
1 rice_house R_phone A_phone
1 rice_house R_address A_address
1 rice_house R_price cheap
1 rice_house R_rating A_rating
1 golden_house R_price cheap
1 mahal_of_cambridge R_cuisine A_cuisine
1 la_raza R_cuisine A_cuisine
1 la_raza R_price cheap
1 zizzi_cambridge R_price cheap
1 ask R_post_code A_post_code
1 ask R_cuisine A_cuisine
1 ask R_location A_location
1 ask R_phone A_phone
1 ask R_address A_address
1 ask R_price cheap
1 ask R_rating A_rating
1 pizza_hut_city_centre R_cuisine A_cuisine
1 j_restaurant R_post_code A_post_code
1 j_restaurant R_cuisine A_cuisine
1 j_restaurant R_location A_location
1 j_restaurant R_phone A_phone
1 j_restaurant R_address A_address
1 j_restaurant R_price cheap
1 j_restaurant R_rating A_rating
1 the_gardenia R_cuisine A_cuisine
1 dojo_noodle_bar R_post_code A_post_code
1 dojo_noodle_bar R_cuisine A_cuisine
1 dojo_noodle_bar R_location A_location
1 dojo_noodle_bar R_phone A_phone
1 dojo_noodle_bar R_address A_address
1 dojo_noodle_bar R_price cheap
1 dojo_noodle_bar R_rating A_rating
1 the_gandhi R_cuisine A_cuisine
1 the_gandhi R_address thanh_binh_address
1 irish R_location R_price
1 north_american R_location R_price
1 eraina R_rating A_rating
1 eraina R_address A_address
1 eraina R_place A_place
1 eraina R_phone A_phone
1 eraina R_post_code A_post_code
1 eraina R_Rating A_Rating
1 eraina R_cuisine A_cuisine
1 eraina R_location A_location
1 eraina R_price expensive
1 gourmet_burger_kitchen R_cuisine north_american
1 don_pasquale_pizzeria R_post_code A_post_code
1 don_pasquale_pizzeria R_cuisine A_cuisine
1 don_pasquale_pizzeria R_location A_location
1 don_pasquale_pizzeria R_phone A_phone
1 don_pasquale_pizzeria R_address A_address
1 don_pasquale_pizzeria R_price expensive
1 don_pasquale_pizzeria R_rating A_rating
1 peking_restaurant R_phone peking_restaurant_phone
1 rajmahal R_place A_place
1 rajmahal R_Rating A_Rating
1 rajmahal R_phone rajmahal_phone
1 russian R_location moderate
1 lan_hong_house R_post_code A_post_code
1 lan_hong_house R_cuisine chinese
1 lan_hong_house R_location A_location
1 lan_hong_house R_phone A_phone
1 lan_hong_house R_address A_address
1 lan_hong_house R_price moderate
1 lan_hong_house R_rating A_rating
1 shanghai_family_restaurant R_post_code A_post_code
1 shanghai_family_restaurant R_cuisine chinese
1 shanghai_family_restaurant R_location A_location
1 shanghai_family_restaurant R_phone A_phone
1 shanghai_family_restaurant R_address A_address
1 shanghai_family_restaurant R_price moderate
1 shanghai_family_restaurant R_rating A_rating
1 jinling_noodle_bar R_phone lan_hong_house_phone
1 riverside_brasserie R_cuisine european
1 riverside_brasserie R_price A_price
1 rajmahal R_location A_location
1 north_american R_location expensive
1 gourmet_burger_kitchen R_price expensive
1 gastropub R_location R_price
1 gastropub R_location expensive
1 royal_standard R_place A_place
1 royal_standard R_Rating A_Rating
1 royal_standard R_location A_location
1 royal_standard R_address royal_standard_address
1 restaurant_alimentum R_address pizza_hut_cherry_hinton_address
1 grafton_hotel_restaurant R_address grafton_hotel_restaurant_address
1 cambridge_lodge_restaurant R_location A_location
1 bloomsbury_restaurant R_place A_place
1 bloomsbury_restaurant R_Rating A_Rating
1 bloomsbury_restaurant R_cuisine A_cuisine
1 gourmet_burger_kitchen R_address gourmet_burger_kitchen_address
1 the_good_luck_chinese_food_takeaway R_phone the_good_luck_chinese_food_takeaway_phone
1 the_good_luck_chinese_food_takeaway R_post_code the_good_luck_chinese_food_takeaway_post_code
1 thai west R_price
1 cambridge_lodge_restaurant R_place A_place
1 cambridge_lodge_restaurant R_Rating A_Rating
1 cambridge_lodge_restaurant R_cuisine A_cuisine
1 sala_thong R_place A_place
1 sala_thong R_Rating A_Rating
1 sala_thong R_cuisine A_cuisine
1 sala_thong R_location west
1 sala_thong R_address sala_thong_address
1 sala_thong R_phone sala_thong_phone
1 restaurant_alimentum R_place A_place
1 restaurant_alimentum R_Rating A_Rating
1 restaurant_alimentum R_address restaurant_alimentum_address
1 rajmahal R_address rajmahal_address
1 rajmahal R_post_code rajmahal_post_code
1 pizza_hut_cherry_hinton R_phone pizza_hut_cherry_hinton_phone
1 tuscan R_location R_price
1 mahal_of_cambridge R_place A_place
1 mahal_of_cambridge R_Rating A_Rating
1 mahal_of_cambridge R_price A_price
1 mahal_of_cambridge R_address mahal_of_cambridge_address
1 european R_location cheap
1 mexican centre R_price
1 chiquito_restaurant_bar R_place A_place
1 chiquito_restaurant_bar R_Rating A_Rating
1 dojo_noodle_bar R_place A_place
1 dojo_noodle_bar R_Rating A_Rating
1 dojo_noodle_bar R_price A_price
1 dojo_noodle_bar R_phone dojo_noodle_bar_phone
1 the_good_luck_chinese_food_takeaway R_address the_good_luck_chinese_food_takeaway_address
1 meghna R_place A_place
1 meghna R_Rating A_Rating
1 meghna R_phone meghna_phone
1 creative north R_price
1 the_nirala R_cuisine indian
1 afghan west R_price
1 prezzo R_cuisine italian
1 prezzo R_price A_price
1 la_margherita R_price A_price
1 la_margherita R_phone prezzo_phone
1 african north R_price
1 meghna R_cuisine indian
1 meghna R_price A_price
1 tandoori_palace R_post_code A_post_code
1 tandoori_palace R_cuisine indian
1 tandoori_palace R_location north
1 tandoori_palace R_phone A_phone
1 tandoori_palace R_address A_address
1 tandoori_palace R_price A_price
1 tandoori_palace R_rating A_rating
1 tandoori_palace R_address meghna_address
1 creative west R_price
1 travellers_rest R_cuisine A_cuisine
1 travellers_rest R_location west
1 indian west R_price
1 cocum R_cuisine indian
1 cocum R_location west
1 restaurant_alimentum R_location A_location
1 european R_location moderate
1 galleria R_price moderate
1 danish west R_price
1 japanese south R_price
1 polynesian R_location moderate
1 yippee_noodle_bar R_phone yippee_noodle_bar_phone
1 pizza_hut_cherry_hinton R_location A_location
1 the_nirala R_place A_place
1 the_nirala R_Rating A_Rating
1 the_nirala R_phone the_nirala_phone
1 golden_wok R_place A_place
1 golden_wok R_Rating A_Rating
1 the_river_bar_steakhouse_and_grill R_rating A_rating
1 the_river_bar_steakhouse_and_grill R_address A_address
1 the_river_bar_steakhouse_and_grill R_place A_place
1 the_river_bar_steakhouse_and_grill R_phone A_phone
1 the_river_bar_steakhouse_and_grill R_post_code A_post_code
1 the_river_bar_steakhouse_and_grill R_Rating A_Rating
1 the_river_bar_steakhouse_and_grill R_cuisine A_cuisine
1 the_river_bar_steakhouse_and_grill R_location A_location
1 the_river_bar_steakhouse_and_grill R_price cheap
1 greek south R_price
1 european south R_price
1 restaurant_alimentum R_cuisine european
1 restaurant_alimentum R_price A_price
1 restaurant_alimentum R_phone restaurant_alimentum_phone
1 seafood R_location expensive
1 loch_fyne R_post_code A_post_code
1 loch_fyne R_cuisine seafood
1 loch_fyne R_location A_location
1 loch_fyne R_phone A_phone
1 loch_fyne R_address A_address
1 loch_fyne R_price expensive
1 loch_fyne R_rating A_rating
1 loch_fyne R_address loch_fyne_address
1 loch_fyne R_phone loch_fyne_phone
1 loch_fyne R_post_code loch_fyne_post_code
1 meghna R_location A_location
1 mediterranean R_location moderate
1 indian R_location moderate
1 moroccan R_location moderate
1 japanese R_location expensive
1 wagamama R_price expensive
1 wagamama R_address wagamama_address
1 wagamama R_phone wagamama_phone
1 gourmet_burger_kitchen R_post_code gourmet_burger_kitchen_post_code
1 tandoori_palace R_phone meghna_phone
1 portuguese R_location cheap
1 royal_standard R_price A_price
1 royal_standard R_phone royal_standard_phone
1 tuscan R_location moderate
1 bloomsbury_restaurant R_price moderate
1 bloomsbury_restaurant R_address the_varsity_restaurant_address
1 bloomsbury_restaurant R_phone the_varsity_restaurant_phone
1 bloomsbury_restaurant R_post_code the_varsity_restaurant_post_code
1 chinese R_location cheap
1 charlie_chan R_cuisine chinese
1 chinese south cheap
1 the_lucky_star R_cuisine chinese
1 the_lucky_star R_price A_price
1 spanish centre R_price
1 la_tasca R_location centre
1 la_tasca R_phone la_tasca_phone
1 galleria R_place A_place
1 galleria R_Rating A_Rating
1 galleria R_cuisine A_cuisine
1 golden_wok R_phone golden_wok_phone
1 the_good_luck_chinese_food_takeaway R_price expensive
1 international west R_price
1 prezzo R_phone prezzo_phone
1 prezzo R_post_code prezzo_post_code
1 saigon_city R_post_code saigon_city_post_code
1 chinese west R_price
1 british west R_price
1 graffiti R_location west
1 travellers_rest R_phone saint_johns_chop_house_phone
1 chiquito_restaurant_bar R_phone chiquito_restaurant_bar_phone
1 belgian south R_price
1 taj_tandoori R_place A_place
1 taj_tandoori R_Rating A_Rating
1 taj_tandoori R_location A_location
1 taj_tandoori R_price A_price
1 little_seoul R_place A_place
1 little_seoul R_Rating A_Rating
1 little_seoul R_cuisine A_cuisine
1 the_gardenia R_price A_price
1 la_mimosa R_cuisine mediterranean
1 la_mimosa R_price A_price
1 la_mimosa R_address the_gardenia_address
1 ali_baba R_post_code ali_baba_post_code
1 thanh_binh R_address la_margherita_address
1 indian south R_price
1 taj_tandoori R_cuisine indian
1 taj_tandoori R_address taj_tandoori_address
1 taj_tandoori R_phone taj_tandoori_phone
1 indian R_location R_price
1 the_nirala R_address the_nirala_address
1 prezzo R_address saint_johns_chop_house_address
1 hungarian R_location R_price
1 caribbean R_location moderate
1 lan_hong_house R_place A_place
1 lan_hong_house R_Rating A_Rating
1 lan_hong_house R_cuisine A_cuisine
1 lan_hong_house R_phone lan_hong_house_phone
1 the_gardenia R_post_code the_gardenia_post_code
1 italian R_location moderate
1 curry_prince R_price A_price
1 world R_location R_price
1 catalan R_location moderate
1 la_tasca R_price moderate
1 la_tasca R_address la_tasca_address
1 chiquito_restaurant_bar R_post_code chiquito_restaurant_bar_post_code
1 gastropub R_location cheap
1 loch_fyne R_place A_place
1 loch_fyne R_Rating A_Rating
1 loch_fyne R_cuisine A_cuisine
1 loch_fyne R_price A_price
1 irish R_location expensive
1 international east R_price
1 the_nirala R_post_code the_nirala_post_code
1 unusual R_location R_price
1 graffiti R_place A_place
1 graffiti R_Rating A_Rating
1 graffiti R_cuisine A_cuisine
1 frankie_and_bennys R_location A_location
1 bedouin R_post_code A_post_code
1 bedouin R_cuisine A_cuisine
1 bedouin R_location A_location
1 bedouin R_phone A_phone
1 bedouin R_address A_address
1 bedouin R_price expensive
1 bedouin R_rating A_rating
1 midsummer_house_restaurant R_price expensive
1 sesame_restaurant_and_bar R_cuisine A_cuisine
1 sesame_restaurant_and_bar R_address A_address
1 sesame_restaurant_and_bar R_price expensive
1 sesame_restaurant_and_bar R_phone A_phone
1 sesame_restaurant_and_bar R_post_code A_post_code
1 sesame_restaurant_and_bar R_rating A_rating
1 city_stop_restaurant R_address A_address
1 city_stop_restaurant R_price expensive
1 city_stop_restaurant R_phone A_phone
1 city_stop_restaurant R_post_code A_post_code
1 city_stop_restaurant R_location A_location
1 city_stop_restaurant R_rating A_rating
1 the_cambridge_chop_house R_cuisine A_cuisine
1 the_cambridge_chop_house R_price expensive
1 peking_restaurant R_location A_location
1 travellers_rest R_price expensive
1 maharajah_tandoori_restaurant R_post_code A_post_code
1 maharajah_tandoori_restaurant R_cuisine A_cuisine
1 maharajah_tandoori_restaurant R_location A_location
1 maharajah_tandoori_restaurant R_phone A_phone
1 maharajah_tandoori_restaurant R_address A_address
1 maharajah_tandoori_restaurant R_price expensive
1 maharajah_tandoori_restaurant R_rating A_rating
1 the_slug_and_lettuce R_post_code A_post_code
1 the_slug_and_lettuce R_cuisine A_cuisine
1 the_slug_and_lettuce R_location A_location
1 the_slug_and_lettuce R_phone A_phone
1 the_slug_and_lettuce R_address A_address
1 the_slug_and_lettuce R_price expensive
1 the_slug_and_lettuce R_rating A_rating
1 curry_queen R_cuisine A_cuisine
1 curry_queen R_address A_address
1 curry_queen R_price expensive
1 curry_queen R_phone A_phone
1 curry_queen R_post_code A_post_code
1 curry_queen R_rating A_rating
1 graffiti R_price expensive
1 the_golden_curry R_cuisine A_cuisine
1 the_golden_curry R_address A_address
1 the_golden_curry R_price expensive
1 the_golden_curry R_phone A_phone
1 the_golden_curry R_post_code A_post_code
1 the_golden_curry R_rating A_rating
1 hakka R_cuisine A_cuisine
1 hakka R_location A_location
1 hakka R_price expensive
1 the_hotpot R_post_code A_post_code
1 the_hotpot R_cuisine A_cuisine
1 the_hotpot R_location A_location
1 the_hotpot R_phone A_phone
1 the_hotpot R_address A_address
1 the_hotpot R_price expensive
1 the_hotpot R_rating A_rating
1 clowns_cafe R_post_code A_post_code
1 clowns_cafe R_cuisine A_cuisine
1 clowns_cafe R_location A_location
1 clowns_cafe R_phone A_phone
1 clowns_cafe R_address A_address
1 clowns_cafe R_price expensive
1 clowns_cafe R_rating A_rating
1 fitzbillies_restaurant R_cuisine A_cuisine
1 fitzbillies_restaurant R_price expensive
1 curry_garden R_post_code A_post_code
1 curry_garden R_cuisine A_cuisine
1 curry_garden R_location A_location
1 curry_garden R_phone A_phone
1 curry_garden R_address A_address
1 curry_garden R_price expensive
1 curry_garden R_rating A_rating
1 ugly_duckling R_post_code A_post_code
1 ugly_duckling R_cuisine A_cuisine
1 ugly_duckling R_location A_location
1 ugly_duckling R_phone A_phone
1 ugly_duckling R_address A_address
1 ugly_duckling R_price expensive
1 ugly_duckling R_rating A_rating
1 caffe_uno R_cuisine A_cuisine
1 hk_fusion R_post_code A_post_code
1 hk_fusion R_cuisine A_cuisine
1 hk_fusion R_location A_location
1 hk_fusion R_phone A_phone
1 hk_fusion R_address A_address
1 hk_fusion R_price expensive
1 hk_fusion R_rating A_rating
1 india_house R_post_code A_post_code
1 india_house R_cuisine A_cuisine
1 india_house R_location A_location
1 india_house R_phone A_phone
1 india_house R_address A_address
1 india_house R_price expensive
1 india_house R_rating A_rating
1 darrys_cookhouse_and_wine_shop R_post_code A_post_code
1 darrys_cookhouse_and_wine_shop R_cuisine A_cuisine
1 darrys_cookhouse_and_wine_shop R_location A_location
1 darrys_cookhouse_and_wine_shop R_phone A_phone
1 darrys_cookhouse_and_wine_shop R_address A_address
1 darrys_cookhouse_and_wine_shop R_price expensive
1 darrys_cookhouse_and_wine_shop R_rating A_rating
1 sitar_tandoori R_location A_location
1 shiraz_restaurant R_cuisine A_cuisine
1 shiraz_restaurant R_price expensive
1 pipasha_restaurant R_location A_location
1 wagamama R_cuisine A_cuisine
1 tandoori_palace R_cuisine A_cuisine
1 tandoori_palace R_location A_location
1 tandoori_palace R_price expensive
1 meze_bar_restaurant R_cuisine A_cuisine
1 kymmoy R_post_code A_post_code
1 kymmoy R_cuisine A_cuisine
1 kymmoy R_location A_location
1 kymmoy R_phone A_phone
1 kymmoy R_address A_address
1 kymmoy R_price expensive
1 kymmoy R_rating A_rating
1 cocum R_price expensive
1 bangkok_city R_cuisine A_cuisine
1 rice_boat R_post_code A_post_code
1 rice_boat R_cuisine A_cuisine
1 rice_boat R_location A_location
1 rice_boat R_phone A_phone
1 rice_boat R_address A_address
1 rice_boat R_price expensive
1 rice_boat R_rating A_rating
1 curry_king R_post_code A_post_code
1 curry_king R_cuisine A_cuisine
1 curry_king R_location A_location
1 curry_king R_phone A_phone
1 curry_king R_address A_address
1 curry_king R_price expensive
1 curry_king R_rating A_rating
1 backstreet_bistro R_post_code A_post_code
1 backstreet_bistro R_cuisine A_cuisine
1 backstreet_bistro R_location A_location
1 backstreet_bistro R_phone A_phone
1 backstreet_bistro R_address A_address
1 backstreet_bistro R_price expensive
1 backstreet_bistro R_rating A_rating
1 panahar R_post_code A_post_code
1 panahar R_cuisine A_cuisine
1 panahar R_location A_location
1 panahar R_phone A_phone
1 panahar R_address A_address
1 panahar R_price expensive
1 panahar R_rating A_rating
1 cambridge_lodge_restaurant R_price expensive
1 restaurant_two_two R_cuisine A_cuisine
1 yu_garden R_location A_location
1 yu_garden R_phone graffiti_phone
1 eritrean R_location cheap
1 unusual R_location moderate
1 spanish R_location moderate
1 la_tasca R_post_code la_tasca_post_code
1 mediterranean R_location expensive
1 la_mimosa R_phone shiraz_restaurant_phone
1 pizza_hut_city_centre R_place A_place
1 pizza_hut_city_centre R_Rating A_Rating
1 pizza_hut_city_centre R_price A_price
1 darrys_cookhouse_and_wine_shop R_place A_place
1 darrys_cookhouse_and_wine_shop R_Rating A_Rating
1 darrys_cookhouse_and_wine_shop R_price A_price
1 darrys_cookhouse_and_wine_shop R_address darrys_cookhouse_and_wine_shop_address
1 curry_king R_place A_place
1 curry_king R_Rating A_Rating
1 curry_king R_price A_price
1 kosher south R_price
1 chinese south R_price
1 peking_restaurant R_cuisine chinese
1 swedish south R_price
1 spanish R_location cheap
1 la_raza R_phone la_raza_phone
1 afghan R_location expensive
1 vietnamese R_location moderate
1 the_hotpot R_cuisine chinese
1 the_hotpot R_location north
1 the_hotpot R_price A_price
1 golden_wok R_price A_price
1 golden_wok R_address the_hotpot_address
1 golden_wok R_phone the_hotpot_phone
1 halal west R_price
1 india_house R_cuisine indian
1 india_house R_location west
1 india_house R_price A_price
1 belgian R_location R_price
1 yu_garden R_place A_place
1 yu_garden R_Rating A_Rating
1 grafton_hotel_restaurant R_phone grafton_hotel_restaurant_phone
1 vietnamese south R_price
1 jamaican R_location cheap
1 swedish R_location moderate
1 turkish R_location cheap
1 da_vinci_pizzeria R_cuisine italian
1 pizza_express R_rating A_rating
1 pizza_express R_address A_address
1 pizza_express R_place A_place
1 pizza_express R_phone A_phone
1 pizza_express R_post_code A_post_code
1 pizza_express R_Rating A_Rating
1 pizza_express R_cuisine A_cuisine
1 pizza_express R_location A_location
1 pizza_express R_price moderate
1 dojo_noodle_bar R_address dojo_noodle_bar_address
1 rice_house R_place A_place
1 rice_house R_Rating A_Rating
1 rice_house R_price A_price
1 english R_location expensive
1 bistro R_location R_price
1 peking_restaurant R_address peking_restaurant_address
1 peking_restaurant R_post_code peking_restaurant_post_code
1 italian south expensive
1 frankie_and_bennys R_cuisine italian
1 frankie_and_bennys R_address frankie_and_bennys_address
1 frankie_and_bennys R_phone frankie_and_bennys_phone
1 royal_spice R_phone royal_spice_phone
1 royal_spice R_post_code royal_spice_post_code
1 bistro west R_price
1 german R_location R_price
1 indian south expensive
1 bedouin R_cuisine african
1 bedouin R_price A_price
1 bedouin R_phone bedouin_phone
1 curry_prince R_phone curry_prince_phone
1 maharajah_tandoori_restaurant R_cuisine indian
1 maharajah_tandoori_restaurant R_price A_price
1 curry_queen R_cuisine indian
1 curry_queen R_price A_price
1 the_golden_curry R_cuisine indian
1 the_golden_curry R_price A_price
1 curry_garden R_cuisine indian
1 curry_garden R_price A_price
1 saffron_brasserie R_cuisine indian
1 saffron_brasserie R_price A_price
1 curry_king R_cuisine indian
1 sitar_tandoori R_cuisine indian
1 curry_prince R_cuisine indian
1 curry_prince R_location A_location
1 the_gandhi R_price A_price
1 rice_boat R_cuisine indian
1 rice_boat R_price A_price
1 panahar R_cuisine indian
1 panahar R_price A_price
1 kohinoor R_price A_price
1 the_nirala R_location A_location
1 the_nirala R_phone mahal_of_cambridge_phone
1 pipasha_restaurant R_place A_place
1 pipasha_restaurant R_Rating A_Rating
1 pipasha_restaurant R_address pipasha_restaurant_address
1 turkish R_location moderate
1 efes_restaurant R_price moderate
1 efes_restaurant R_place A_place
1 efes_restaurant R_Rating A_Rating
1 efes_restaurant R_cuisine A_cuisine
1 royal_spice R_post_code da_vinci_pizzeria_post_code
1 de_luca_cucina_and_bar R_post_code A_post_code
1 de_luca_cucina_and_bar R_cuisine european
1 de_luca_cucina_and_bar R_location A_location
1 de_luca_cucina_and_bar R_phone A_phone
1 de_luca_cucina_and_bar R_address A_address
1 de_luca_cucina_and_bar R_price A_price
1 de_luca_cucina_and_bar R_rating A_rating
1 vietnamese west R_price
1 eritrean R_location R_price
1 kymmoy R_place A_place
1 kymmoy R_Rating A_Rating
1 kymmoy R_phone kymmoy_phone
1 bloomsbury_restaurant R_phone bloomsbury_restaurant_phone
1 african R_location expensive
1 meze_bar_restaurant R_price A_price
1 efes_restaurant R_address meze_bar_restaurant_address
1 efes_restaurant R_post_code meze_bar_restaurant_post_code
1 scandinavian R_location expensive
1 traditional south R_price
1 frankie_and_bennys R_price A_price
1 pizza_hut_cherry_hinton R_phone frankie_and_bennys_phone
1 swiss east R_price
1 chinese east R_price
1 yu_garden R_cuisine chinese
1 yu_garden R_price A_price
1 grafton_hotel_restaurant R_post_code grafton_hotel_restaurant_post_code
1 pizza_hut_fen_ditton R_cuisine A_cuisine
1 pizza_hut_fen_ditton R_price moderate
1 curry_prince R_address pizza_hut_fen_ditton_address
1 curry_prince R_phone pizza_hut_fen_ditton_phone
1 curry_prince R_post_code pizza_hut_fen_ditton_post_code
1 english R_location R_price
1 european south moderate
1 vegetarian R_location expensive
1 sesame_restaurant_and_bar R_place A_place
1 sesame_restaurant_and_bar R_Rating A_Rating
1 sesame_restaurant_and_bar R_location A_location
1 sesame_restaurant_and_bar R_price A_price
1 efes_restaurant R_address efes_restaurant_address
1 bedouin R_address bedouin_address
1 halal R_location R_price
1 michaelhouse_cafe R_phone michaelhouse_cafe_phone
1 australian east R_price
1 yu_garden R_phone yu_garden_phone
1 yu_garden R_address yu_garden_address
1 yu_garden R_post_code yu_garden_post_code
1 indonesian east R_price
1 hungarian R_location moderate
1 cuban R_location R_price
1 asian_oriental R_location moderate
1 restaurant_two_two R_address restaurant_two_two_address
1 restaurant_alimentum R_phone pizza_hut_cherry_hinton_phone
1 spanish south R_price
1 korean south R_price
1 mediterranean south R_price
1 irish south R_price
1 unusual centre expensive
1 unusual north expensive
1 unusual south expensive
1 unusual west expensive
1 unusual west moderate
1 unusual centre moderate
1 english west R_price
1 catalan R_location cheap
1 j_restaurant R_place A_place
1 j_restaurant R_Rating A_Rating
1 j_restaurant R_price A_price
1 j_restaurant R_phone j_restaurant_phone
1 j_restaurant R_address j_restaurant_address
1 pizza_hut_fen_ditton R_location A_location
1 creative R_location cheap
1 rice_house R_cuisine chinese
1 golden_house R_cuisine chinese
1 golden_house R_phone rice_house_phone
1 australasian R_location moderate
1 bistro R_location moderate
1 peking_restaurant R_address frankie_and_bennys_address
1 creative R_location moderate
1 brazilian R_location moderate
1 sitar_tandoori R_address sitar_tandoori_address
1 sitar_tandoori R_post_code sitar_tandoori_post_code
1 j_restaurant R_cuisine asian_oriental
1 kymmoy R_cuisine asian_oriental
1 kymmoy R_price A_price
1 dojo_noodle_bar R_cuisine asian_oriental
1 yippee_noodle_bar R_address j_restaurant_address
1 prezzo R_address prezzo_address
1 eraina R_cuisine european
1 eraina R_price A_price
1 darrys_cookhouse_and_wine_shop R_cuisine european
1 restaurant_alimentum R_address eraina_address
1 caribbean R_location R_price
1 bloomsbury_restaurant R_address the_missing_sock_address
1 anatolia R_address meze_bar_restaurant_address
1 anatolia R_post_code meze_bar_restaurant_post_code
1 british east R_price
1 italian north R_price
1 pizza_hut_fen_ditton R_place A_place
1 pizza_hut_fen_ditton R_Rating A_Rating
1 pizza_hut_fen_ditton R_address pizza_hut_fen_ditton_address
1 pizza_hut_fen_ditton R_phone pizza_hut_fen_ditton_phone
1 restaurant_two_two R_place A_place
1 restaurant_two_two R_Rating A_Rating
1 meghna R_post_code meghna_post_code
1 meghna R_address meghna_address
1 halal R_location moderate
1 yu_garden R_address grafton_hotel_restaurant_address
1 yu_garden R_phone grafton_hotel_restaurant_phone
1 tandoori_palace R_place A_place
1 tandoori_palace R_Rating A_Rating
1 tandoori_palace R_phone tandoori_palace_phone
1 tandoori_palace R_address tandoori_palace_address
1 pipasha_restaurant R_phone pipasha_restaurant_phone
1 pipasha_restaurant R_post_code pipasha_restaurant_post_code
1 the_oak_bistro R_post_code A_post_code
1 the_oak_bistro R_cuisine A_cuisine
1 the_oak_bistro R_location A_location
1 the_oak_bistro R_phone A_phone
1 the_oak_bistro R_address A_address
1 the_oak_bistro R_price moderate
1 the_oak_bistro R_rating A_rating
1 the_oak_bistro R_place A_place
1 the_oak_bistro R_Rating A_Rating
1 the_oak_bistro R_price A_price
1 the_oak_bistro R_address the_oak_bistro_address
1 the_oak_bistro R_phone the_oak_bistro_phone
1 the_cambridge_chop_house R_place A_place
1 the_cambridge_chop_house R_Rating A_Rating
1 the_cambridge_chop_house R_phone the_cambridge_chop_house_phone
1 the_cow_pizza_kitchen_and_bar R_post_code the_cow_pizza_kitchen_and_bar_post_code
1 la_raza R_address la_raza_address
1 la_raza R_post_code la_raza_post_code
1 ali_baba R_place A_place
1 ali_baba R_Rating A_Rating
1 ali_baba R_cuisine A_cuisine
1 cambridge_lodge_restaurant R_address cambridge_lodge_restaurant_address
1 frankie_and_bennys R_place A_place
1 frankie_and_bennys R_Rating A_Rating
1 moroccan R_location R_price
1 bangkok_city R_place A_place
1 bangkok_city R_Rating A_Rating
1 caffe_uno R_place A_place
1 caffe_uno R_Rating A_Rating
1 caffe_uno R_price A_price
1 galleria R_address galleria_address
1 galleria R_phone galleria_phone
1 nandos_city_centre R_rating A_rating
1 nandos_city_centre R_address A_address
1 nandos_city_centre R_place A_place
1 nandos_city_centre R_phone A_phone
1 nandos_city_centre R_post_code A_post_code
1 nandos_city_centre R_Rating A_Rating
1 nandos_city_centre R_cuisine A_cuisine
1 nandos_city_centre R_location A_location
1 nandos_city_centre R_price A_price
1 the_lucky_star R_post_code the_lucky_star_post_code
1 royal_standard R_cuisine gastropub
1 gourmet_burger_kitchen R_location north
1 city_stop_restaurant R_price A_price
1 city_stop_restaurant R_location north
1 taj_tandoori R_post_code taj_tandoori_post_code
1 curry_garden R_place A_place
1 curry_garden R_Rating A_Rating
1 curry_prince R_phone meghna_phone
1 ask R_place A_place
1 ask R_Rating A_Rating
1 ask R_price A_price
1 asian_oriental R_location cheap
1 dojo_noodle_bar R_phone j_restaurant_phone
1 dojo_noodle_bar R_address j_restaurant_address
1 yu_garden R_address frankie_and_bennys_address
1 la_raza R_place A_place
1 la_raza R_Rating A_Rating
1 eraina R_phone eraina_phone
1 eraina R_post_code eraina_post_code
1 travellers_rest R_place A_place
1 travellers_rest R_Rating A_Rating
1 malaysian south R_price
1 bedouin R_post_code bedouin_post_code
1 saint_johns_chop_house R_post_code saint_johns_chop_house_post_code
1 malaysian R_location expensive
1 travellers_rest R_phone travellers_rest_phone
1 la_mimosa R_post_code la_mimosa_post_code
1 maharajah_tandoori_restaurant R_place A_place
1 maharajah_tandoori_restaurant R_Rating A_Rating
1 maharajah_tandoori_restaurant R_location west
1 graffiti R_phone midsummer_house_restaurant_phone
1 indian east moderate
1 darrys_cookhouse_and_wine_shop R_phone darrys_cookhouse_and_wine_shop_phone
1 prezzo R_location A_location
1 hungarian R_location cheap
1 belgian R_location cheap
1 cantonese R_location R_price
1 don_pasquale_pizzeria R_cuisine italian
1 don_pasquale_pizzeria R_price A_price
1 don_pasquale_pizzeria R_place A_place
1 don_pasquale_pizzeria R_Rating A_Rating
1 steakhouse R_location R_price
1 la_margherita R_address prezzo_address
1 the_hotpot R_place A_place
1 the_hotpot R_Rating A_Rating
1 the_hotpot R_address the_hotpot_address
1 the_hotpot R_phone the_hotpot_phone
1 vietnamese R_location cheap
1 wagamama R_place A_place
1 wagamama R_Rating A_Rating
1 the_copper_kettle R_place A_place
1 the_copper_kettle R_Rating A_Rating
1 the_copper_kettle R_cuisine A_cuisine
1 the_river_bar_steakhouse_and_grill R_price A_price
1 the_river_bar_steakhouse_and_grill R_address the_river_bar_steakhouse_and_grill_address
1 la_mimosa R_phone the_gardenia_phone
1 city_stop_restaurant R_place A_place
1 city_stop_restaurant R_Rating A_Rating
1 city_stop_restaurant R_cuisine A_cuisine
1 city_stop_restaurant R_phone city_stop_restaurant_phone
1 tuscan south R_price
1 swedish north R_price
1 catalan east R_price
1 chinese R_location R_price
1 shanghai_family_restaurant R_price A_price
1 michaelhouse_cafe R_address michaelhouse_cafe_address
1 little_seoul R_post_code little_seoul_post_code
1 pizza_hut_cherry_hinton R_post_code frankie_and_bennys_post_code
1 rice_boat R_location west
1 rice_boat R_place A_place
1 rice_boat R_Rating A_Rating
1 rice_boat R_address rice_boat_address
1 rice_boat R_phone rice_boat_phone
1 thai R_location moderate
1 fitzbillies_restaurant R_place A_place
1 fitzbillies_restaurant R_Rating A_Rating
1 fitzbillies_restaurant R_phone fitzbillies_restaurant_phone
1 canapes R_location cheap
1 india_house R_place A_place
1 india_house R_Rating A_Rating
1 hotel_du_vin_and_bistro R_rating A_rating
1 hotel_du_vin_and_bistro R_address A_address
1 hotel_du_vin_and_bistro R_place A_place
1 hotel_du_vin_and_bistro R_phone A_phone
1 hotel_du_vin_and_bistro R_post_code A_post_code
1 hotel_du_vin_and_bistro R_Rating A_Rating
1 hotel_du_vin_and_bistro R_cuisine A_cuisine
1 hotel_du_vin_and_bistro R_location A_location
1 hotel_du_vin_and_bistro R_price A_price
1 yu_garden R_phone frankie_and_bennys_phone
1 afghan R_location R_price
1 ask R_address ask_address
1 ask R_phone ask_phone
1 bloomsbury_restaurant R_address bloomsbury_restaurant_address
1 pipasha_restaurant R_phone curry_prince_phone
1 pipasha_restaurant R_address curry_prince_address
1 singaporean R_location R_price
1 corsica R_location R_price
1 curry_prince R_address meghna_address
1 seafood R_location R_price
1 india_house R_phone india_house_phone
1 india_house R_address india_house_address
1 michaelhouse_cafe R_post_code michaelhouse_cafe_post_code
1 restaurant_two_two R_post_code cote_post_code
1 traditional R_location moderate
1 cotto R_place A_place
1 cotto R_Rating A_Rating
1 cotto R_cuisine A_cuisine
1 cotto R_phone cotto_phone
1 darrys_cookhouse_and_wine_shop R_post_code darrys_cookhouse_and_wine_shop_post_code
1 backstreet_bistro R_place A_place
1 backstreet_bistro R_Rating A_Rating
1 backstreet_bistro R_price A_price
1 gastropub east R_price
1 european west expensive
1 creative R_location R_price
1 lan_hong_house R_price A_price
1 wagamama R_post_code wagamama_post_code
1 rice_boat R_phone cocum_phone
1 portuguese south R_price
1 ali_baba R_price moderate
1 golden_wok R_address golden_wok_address
1 restaurant_alimentum R_phone eraina_phone
1 venue R_cuisine vietnamese
1 venue R_address A_address
1 venue R_phone A_phone
1 venue R_post_code A_post_code
1 venue R_location A_location
1 venue R_rating A_rating
1 african R_location moderate
1 cuban R_location moderate
1 restaurant_two_two R_post_code restaurant_two_two_post_code
1 prezzo R_post_code saint_johns_chop_house_post_code
1 hakka R_place A_place
1 hakka R_Rating A_Rating
1 hakka R_phone hakka_phone
1 danish R_location moderate
1 shanghai_family_restaurant R_place A_place
1 shanghai_family_restaurant R_Rating A_Rating
1 shanghai_family_restaurant R_cuisine A_cuisine
1 shanghai_family_restaurant R_phone shanghai_family_restaurant_phone
1 royal_standard R_post_code royal_standard_post_code
1 hotel_du_vin_and_bistro R_price moderate
1 hotel_du_vin_and_bistro R_address hotel_du_vin_and_bistro_address
1 hotel_du_vin_and_bistro R_post_code hotel_du_vin_and_bistro_post_code
1 venue R_cuisine A_cuisine
1 venue R_location west
1 the_slug_and_lettuce R_place A_place
1 the_slug_and_lettuce R_Rating A_Rating
1 the_slug_and_lettuce R_price A_price
1 the_slug_and_lettuce R_post_code the_slug_and_lettuce_post_code
1 maharajah_tandoori_restaurant R_address maharajah_tandoori_restaurant_address
1 maharajah_tandoori_restaurant R_post_code maharajah_tandoori_restaurant_post_code
1 maharajah_tandoori_restaurant R_phone maharajah_tandoori_restaurant_phone
1 vegetarian east R_price
1 nandos R_phone thanh_binh_phone
1 pizza_hut_fen_ditton R_post_code pizza_hut_fen_ditton_post_code
1 bangkok_city R_phone bangkok_city_phone
1 asian_oriental north expensive
1 turkish east R_price
1 tuscan R_location expensive
1 sala_thong R_post_code sala_thong_post_code
1 restaurant_alimentum R_post_code pizza_hut_cherry_hinton_post_code
1 cambridge_lodge_restaurant R_address eraina_address
1 cambridge_lodge_restaurant R_phone eraina_phone
1 nandos_city_centre R_phone nandos_city_centre_phone
1 peking_restaurant R_address the_lucky_star_address
1 pipasha_restaurant R_phone sitar_tandoori_phone
1 mexican R_location expensive
1 japanese R_location moderate
1 ask R_cuisine italian
1 the_golden_curry R_place A_place
1 the_golden_curry R_Rating A_Rating
1 the_golden_curry R_location A_location
1 pipasha_restaurant R_address grafton_hotel_restaurant_address
1 hotel_du_vin_and_bistro R_phone hotel_du_vin_and_bistro_phone
1 the_river_bar_steakhouse_and_grill R_phone the_river_bar_steakhouse_and_grill_phone
1 the_gardenia R_place A_place
1 the_gardenia R_Rating A_Rating
1 don_pasquale_pizzeria R_phone don_pasquale_pizzeria_phone
1 don_pasquale_pizzeria R_address don_pasquale_pizzeria_address
1 peking_restaurant R_phone the_lucky_star_phone
1 bloomsbury_restaurant R_post_code bloomsbury_restaurant_post_code
1 the_varsity_restaurant R_place A_place
1 the_varsity_restaurant R_Rating A_Rating
1 the_varsity_restaurant R_cuisine A_cuisine
1 the_varsity_restaurant R_phone the_varsity_restaurant_phone
1 the_varsity_restaurant R_post_code the_varsity_restaurant_post_code
1 anatolia R_price moderate
1 la_mimosa R_post_code the_gardenia_post_code
1 brazilian east moderate
1 fusion R_location moderate
1 mexican south R_price
1 restaurant_one_seven R_phone saint_johns_chop_house_phone
1 turkish north R_price
1 efes_restaurant R_address anatolia_address
1 anatolia R_cuisine A_cuisine
1 anatolia R_place A_place
1 anatolia R_Rating A_Rating
1 anatolia R_phone anatolia_phone
1 anatolia R_post_code anatolia_post_code
1 asian_oriental R_location expensive
1 kymmoy R_phone saigon_city_phone
1 romanian R_location cheap
1 curry_prince R_post_code curry_prince_post_code
1 kymmoy R_address kymmoy_address
1 kymmoy R_post_code kymmoy_post_code
1 british west moderate
1 swiss R_location moderate
1 golden_house R_address rice_house_address
1 the_gandhi R_phone thanh_binh_phone
1 nandos_city_centre R_address nandos_city_centre_address
1 italian west cheap
1 italian west moderate
1 traditional east R_price
1 the_gandhi R_place A_place
1 the_gandhi R_Rating A_Rating
1 polynesian west R_price
1 persian R_location moderate
1 restaurant_one_seven R_phone restaurant_one_seven_phone
1 yippee_noodle_bar R_phone j_restaurant_phone
1 pizza_express R_cuisine italian
1 pizza_express R_price A_price
1 clowns_cafe R_cuisine italian
1 clowns_cafe R_price A_price
1 don_pasquale_pizzeria R_phone prezzo_phone
1 corsica R_location moderate
1 mediterranean north R_price
1 french centre R_price
1 cote R_location centre
1 persian R_location R_price
1 rice_boat R_address cocum_address
1 lebanese R_location moderate
1 travellers_rest R_address saint_johns_chop_house_address
